feature,importance
pm25,0.4827370750698899
pm1,0.38197123908693836
um003,0.10113793797519663
hour,0.011906709888943665
pm25_lag1,0.006787923091872854
pm25_rolling,0.004178918070536847
temperature,0.0034869253428382605
day,0.0033663173495700905
relativehumidity,0.002677987971644892
day_of_week,0.0011224959063341137
month,0.0006264702462346128
