feature,importance
pm25,0.6675897248304982
pm1,0.19988848071859935
um003,0.09515043624957045
pm25_lag1,0.009576930437187887
hour,0.00792808109742181
pm25_rolling,0.006148244497001894
temperature,0.005032974918439607
relativehumidity,0.004300116052409155
day_of_week,0.001871684348759544
day,0.0013260153865120655
month,0.0011873114636000472
