feature,importance
pm25,0.48670626669669287
pm1,0.3369895435264049
um003,0.09617021097541428
hour,0.01739549985227178
pm25_lag1,0.016724422141771583
pm25_rolling,0.012296349451611344
relativehumidity,0.009909940779184235
temperature,0.00946323672922317
day,0.007345904654107813
day_of_week,0.004074787768362613
month,0.00292383742495557
