feature,importance
pm25,0.5803795738933959
pm1,0.2255142386572994
um003,0.09658740962954537
pm25_lag1,0.021344417344108437
pm25_rolling,0.017969296640965696
hour,0.015175301630974693
temperature,0.014276246946875997
relativehumidity,0.011965068896090066
day,0.008551941546420718
day_of_week,0.00587799982050844
month,0.002358504993815397
