feature,importance
pm25,0.585055727022234
pm1,0.22283461567220147
um003,0.09796645886112883
pm25_lag1,0.020071235035413432
pm25_rolling,0.017181493569249327
hour,0.016412224871847833
temperature,0.013890528967687728
relativehumidity,0.012093132544263674
day,0.0072314783920256935
day_of_week,0.0054835043705050235
month,0.0017796006934428284
