feature,importance
pm25,0.5042521153483855
pm1,0.37009715496232687
um003,0.0920904557819738
hour,0.011865795254383077
pm25_lag1,0.006580374389367991
temperature,0.003877533967262414
relativehumidity,0.003575256463927408
pm25_rolling,0.0032853574092723647
day,0.0028999958580891876
day_of_week,0.0009341372204086846
month,0.0005418233446026237
