feature,importance
pm25,0.4837671326131999
pm1,0.3373460143402246
um003,0.09888732231907939
hour,0.017731576719038383
pm25_lag1,0.01596941977062461
pm25_rolling,0.012210636999684546
relativehumidity,0.00994721637591768
temperature,0.009823422598142001
day,0.007155532599621724
day_of_week,0.004270972095050731
month,0.0028907535694162037
