feature,importance
pm25,0.6054495287343737
pm1,0.2436059507571262
um003,0.10932028290005343
pm25_lag1,0.010591708991350942
hour,0.0080129687682183
pm25_rolling,0.0062166702619959775
relativehumidity,0.005588097655912668
temperature,0.005440323245729521
day_of_week,0.00267735616617477
day,0.0025879061605349365
month,0.0005092063585294069
