feature,importance
pm25,0.48389200563425744
pm1,0.337212982708738
um003,0.09811955944570082
hour,0.017871528353105844
pm25_lag1,0.016379190963857364
pm25_rolling,0.012010138335632867
temperature,0.01046231545425266
relativehumidity,0.009767968557126645
day,0.007173371072238785
day_of_week,0.004226547549198181
month,0.002884391925891388
