feature,importance
pm25,0.582714758404367
pm1,0.2161860889907743
um003,0.10176142253099693
pm25_lag1,0.022759049171166213
pm25_rolling,0.018384291993527462
hour,0.01602648737085706
temperature,0.014376238469064506
relativehumidity,0.01269986882011873
day,0.007761932435656031
day_of_week,0.005443834154067237
month,0.001886027659404597
