feature,importance
pm25,0.5951426980057094
pm1,0.24803438197381097
um003,0.11255059318828035
pm25_lag1,0.011775795949649242
hour,0.008151998318866512
temperature,0.007200390552616542
pm25_rolling,0.005449190134602659
relativehumidity,0.005330301336615228
day_of_week,0.0027098870609364722
day,0.002594680418878864
month,0.001060083060033762
